[
  {
    "id": "pedicure-kit-01",
    "name": "Professional Pedicure Kit",
    "category": "PEDICURE",
    "price": "₹1299",
    "discount": 20,
    "image": "images/dryer.png",
    "link": "products/pedicure-kit-01"
  },
  {
    "id": "comb-01",
    "name": "Sandalwood Wooden Comb",
    "category": "WOODEN COMB",
    "price": "₹499",
    "discount": 15,
    "image": "https://placehold.co/300x300/333/FFF?text=hello",
    "link": "products/comb-01"
  },
  {
    "id": "straightener-01",
    "name": "Titanium Hair Straightener",
    "category": "STRAIGHTENER",
    "price": "₹3499",
    "discount": 25,
    "image": "images/dryer.png",
    "link": "products/straightener-01"
  },
  {
    "id": "dryer-01",
    "name": "Pro Ionic Hair Dryer",
    "category": "DRYER",
    "price": "₹5999",
    "discount": 30,
    "image": "images/dryer.png",
    "link": "products/dryer-01"
  },
  {
    "id": "curler-01",
    "name": "Ceramic Hair Curler",
    "category": "HAIR CURLER",
    "price": "₹2499",
    "discount": 20,
    "image": "https://placehold.co/300x300/333/FFF?text=Curler",
    "link": "product-curler.html"
  },
  {
    "id": "auto-curler-01",
    "name": "One-Touch Automatic Curler",
    "category": "AUTOMATIC CURLER",
    "price": "₹4999",
    "discount": 10,
    "image": "https://placehold.co/300x300/333/FFF?text=Auto+Curler",
    "link": "product-auto-curler.html"
  },
  {
    "id": "spray-01",
    "name": "Lavender Room Spray",
    "category": "ROOM SPRAY",
    "price": "₹799",
    "discount": 15,
    "image": "https://placehold.co/300x300/333/FFF?text=Spray",
    "link": "product-spray.html"
  },
  {
    "id": "nail-cutter-01",
    "name": "Stainless Steel Nail Cutter",
    "category": "NAIL CUTTER",
    "price": "₹399",
    "discount": 5,
    "image": "https://placehold.co/300x300/333/FFF?text=Nail+Cutter",
    "link": "product-nail-cutter.html"
  },
  {
    "id": "facial-kit-01",
    "name": "Gold Facial Kit",
    "category": "FACIAL KIT",
    "price": "₹1999",
    "discount": 20,
    "image": "https://placehold.co/300x300/333/FFF?text=Facial+Kit",
    "link": "product-facial-kit.html"
  },
  {
    "id": "razor-01",
    "name": "Precision Tinkle Razor",
    "category": "TINKLE RAZOR",
    "price": "₹299",
    "discount": 10,
    "image": "https://placehold.co/300x300/333/FFF?text=Razor",
    "link": "product-razor.html"
  },
  {
    "id": "clips-01",
    "name": "Matte Black Section Clips",
    "category": "HAIR SECTION CLIPPER",
    "price": "₹599",
    "discount": 20,
    "image": "https://placehold.co/300x300/333/FFF?text=Clips",
    "link": "product-clips.html"
  },
  {
    "id": "travel-dryer-01",
    "name": "Compact Travel Dryer",
    "category": "DRYER",
    "price": "₹2999",
    "discount": 25,
    "image": "https://placehold.co/300x300/333/FFF?text=Travel+Dryer",
    "link": "product-travel-dryer.html"
  },
  {
    "id": "yoyo-01",
    "name": "yes yes",
    "category": "YOYO",
    "price": "₹2999",
    "discount": 10,
    "image": "https://placehold.co/300x300/333/FFF?text=Travel+Dryer",
    "link": "product-travel-dryer.html"
  }
]